CL-Name,UID,14-3-3-beta,14-3-3-epsilon,14-3-3-zeta,4E-BP1,4E-BP1_pS65,4E-BP1_pT37_T46,4E-BP1_pT70,ACC1,ACVRL1,ADAR1,Akt,Akt_pS473,Akt_pT308,alpha-Catenin,AMPK-alpha,Annexin-1,Annexin-VII,AR,A-Raf_pS299,ASNS,ATM,Bad_pS112,Bak,Bax,Bcl2,Bcl-xL,Beclin,beta-Catenin,Bid,B-Raf,B-Raf_pS445,BRCA2,Caspase-8,Caveolin-1,CD20,CD31,CD49b,CDK1,Chk1,Chk1_pS345,Chk2,Chk2_pT68,cIAP,c-Jun_pS73,c-Kit,Claudin-7,c-Met,c-Met_pY1235,c-Myc,Collagen-VI,C-Raf_pS338,Cyclin-B1,Cyclin-D1,Cyclin-E1,Cyclin-E2,DJ1,E-Cadherin,eEF2,eEF2K,EGFR,EGFR_pY1173,eIF4E,eIF4G,ER-alpha,ER-alpha_pS118,ERCC1,ERK2,Ets-1,FASN,Fibronectin,FoxM1,FoxO3a_pS318_S321,FRA-1,G6PD,Gab2,GAPDH,GATA3,GSK3_pS9,GSK3-alpha-beta,GSK3-alpha-beta_pS21_S9,HER2,HER2_pY1248,HER3,HER3_pY1289,Heregulin,HSP70,IGFBP2,INPP4b,IRS1,Jak2,JNK_pT183_Y185,JNK2,Ku80,Lck,MAPK_pT202_Y204,MDM2_pS166,MEK1,MEK1_pS217_S221,MIG6,Mre11,MSH2,MSH6,mTOR,Myosin-IIa_pS1943,N-Cadherin,NDRG1_pT346,NF2,NF-kB-p65_pS536,Notch1,N-Ras,p21,p27,p27_pT157,p27_pT198,p38_MAPK,p53,p62-Lck-ligand,P70S6K,p70-S6K_pT389,p90RSK,p90RSK_pT359_S363,p90RSK_pT573,PAI-1,PARP-cleaved,Paxillin,P-Cadherin,PCNA,Pdcd4,PDK1,PDK1_pS241,PEA-15,PEA-15_pS116,PI3K-p110-alpha,PKC-alpha,PKC-alpha_pS657,PKC-delta_pS664,PKC-pan_BetaII_pS660,PR,PRAS40_pT246,PRDX1,PREX1,PTEN,Rab25,Rad50,Rad51,Raptor,Rb,Rb_pS807_S811,RBM15,Rictor,Rictor_pT1135,S6_pS235_S236,S6_pS240_S244,SCD1,SETD2,SF2,Shc_pY317,SHP-2_pY542,Smac,Smad1,Smad3,Smad4,Snail,Src,Src_pY416,Src_pY527,Stat3,Stat3_pY705,STAT5-alpha,Stathmin,Syk,TAZ,TFRC,TIGAR,Transglutaminase,TSC1,TTF1,VAV1,VEGFR-2,XBP1,XRCC1,YAP,YAP_pS127,YB1,YB1_pS102,Dvl3,FoxO3a,mTOR_pS2448,53BP1,PI3K-p85,Porin
MDAMB361,set19_428,-0.132411534,0.17477152399999998,0.12697932899999997,0.621311873,0.024519437000000005,0.0,0.560402674,-1.413884817,-0.034581535999999996,0.0,0.0,-0.060835552000000015,0.33520775,1.169136554,0.243922816,0.26953682199999995,0.12913697099999988,0.0,-0.22099100900000002,0.0,0.0,0.29135968,-0.542932695,0.15718112999999997,0.15495900699999998,0.142591305,0.294873591,0.0,0.025880499999999973,0.18558743999999996,0.150463376,0.0,0.0,0.17305258,0.396389436,0.0,-0.618335019,0.0,0.0,0.0018885610000000108,-0.433224666,0.1414933570000001,0.14911899099999998,0.0,0.23438734500000002,-0.04956661799999995,0.0,0.0,0.0,-0.15614411899999997,0.280492075,0.0,-0.210451834,-0.033057808999999994,0.2332528439999999,0.12891862899999995,0.0,0.0,0.42936087199999995,0.0,0.0,0.25263815,0.14273186200000001,0.32119729199999997,0.0,-0.5497974060000002,0.0,0.0,0.0,0.0,0.0,0.10062152699999993,0.0,-0.174334421,0.0,0.0,0.0,0.0,0.0,0.40140334300000013,-0.016507691000000005,0.0,-1.786648855,0.13273366999999997,0.0,0.0,0.0,0.0,0.0,-0.15495879,0.0,0.126395943,0.0,0.01512361199999998,0.0,0.0,0.0,0.0,0.0,-0.014444596000000004,0.0,0.0,0.0,0.157669974,0.0,-0.129697401,-1.004513009,0.0,0.097385058,0.0,0.0,0.0,0.0,0.0,0.26534355100000007,0.13855260499999988,0.0,0.0,0.0,0.05142175199999999,0.0,0.190345467,-1.738721747,-0.005315454,0.0,0.0,-0.28363609599999995,0.31661825600000004,0.0,0.0,0.03499467899999997,0.0,0.11876482000000001,0.197775537,0.0,0.0,0.211851216,0.25551039999999997,0.32719031100000007,0.12472796400000002,-0.208613757,0.0,0.0,-0.393216185,0.0,0.0,0.0,0.23077780400000003,-0.210892367,0.0,0.12156181700000002,0.0,0.11579957399999999,0.0,0.0,0.0,0.0,0.0,0.0,0.0,0.0,0.0,-1.814069274,0.0,0.05086562399999999,0.645619256,0.11314947500000001,0.0,0.0,-0.007262839999999993,0.0,0.183900181,0.125291716,0.280037382,-0.024024921000000005,0.21232771100000003,-0.863645424,0.31730957800000004,0.0,0.0,0.0,0.0,0.0,0.0,0.228463445,0.0,0.22630912700000003,0.196800064,0.0,0.0,-0.577248878
MDAMB361,set19_403,-0.083601288,0.038540453,-0.0014042149999999864,0.279892189,0.206332677,0.0,0.45342195100000005,-1.080024072,-0.028580941999999998,0.0,0.0,-0.49764980400000003,1.2428587799999997,2.121067832,0.199785078,0.17545407,0.16977057699999998,0.0,-0.18671779500000008,0.0,0.0,-0.08829013399999999,-0.08820968899999998,0.036532127,0.06317724499999999,-0.07067948100000002,0.140163763,0.0,-0.05661740000000004,-0.079716913,0.06274644500000001,0.0,0.0,0.249144777,0.753065981,0.0,0.32776335599999995,0.0,0.0,0.088049247,-0.185431875,0.03822321400000006,-0.31292706400000003,0.0,0.349603527,-0.25128907899999997,0.0,0.0,0.0,-0.163497367,0.088552189,0.0,-0.435405201,-0.13212735399999997,0.12729362099999997,0.01629661499999996,0.0,0.0,0.393409715,0.0,0.0,0.16644076200000002,0.01866253000000001,0.38564477999999996,0.0,-0.5467704880000004,0.0,0.0,0.0,0.0,0.0,0.024690517999999995,0.0,-0.05025434100000001,0.0,0.0,0.0,0.0,0.0,0.04460508100000027,-0.027146129000000005,0.0,-0.671455779,0.267188551,0.0,0.0,0.0,0.0,0.0,-0.358728197,0.0,-0.00704413399999998,0.0,-0.006732281000000007,0.0,0.0,0.0,0.0,0.0,-0.027394753999999993,0.0,0.0,0.0,0.144748974,0.0,-0.248626226,-0.302369881,0.0,-0.03276414899999999,0.0,0.0,0.0,0.0,0.0,0.22933816,0.07938845999999988,0.0,0.0,0.0,-0.08431595000000003,0.0,0.157850991,-0.687372973,-0.107660669,0.0,0.0,-0.478061799,0.202333111,0.0,0.0,0.005173883000000101,0.0,-0.023213832999999996,0.095855115,0.0,0.0,0.047601193000000014,0.2638163,0.09729392400000003,0.067600361,-0.0009511919999999896,0.0,0.0,-0.49722803399999993,0.0,0.0,0.0,0.12738342800000002,-0.254626848,0.0,-0.001793981,0.0,0.05495459199999998,0.0,0.0,0.0,0.0,0.0,0.0,0.0,0.0,0.0,-0.19169910099999998,0.0,0.168721016,0.695132639,-0.035589513,0.0,0.0,0.0029594780000000154,0.0,0.053672896000000025,-0.07509742100000005,0.07573539899999998,-0.069774683,0.082083766,-0.520784484,0.223462123,0.0,0.0,0.0,0.0,0.0,0.0,0.212575576,0.0,0.38972712600000003,0.03941312499999999,0.0,0.0,-0.24254374299999998
MDAMB361,set19_476,-0.024914129000000007,0.09639568000000001,0.13086679299999998,0.18527905499999997,-0.218733445,0.0,-0.06659427000000001,-1.215756248,-0.21198112600000002,0.0,0.0,-1.1676376080000002,1.7854536309999998,2.382086836,0.384856669,0.015318650999999989,0.168582931,0.0,0.38180839199999994,0.0,0.0,-0.28413323700000004,-0.471324728,0.24572551,0.16123869000000002,0.33242173999999997,0.33765746199999996,0.0,0.39052384399999995,0.048619471,0.326215542,0.0,0.0,0.048768963,0.30810110999999996,0.0,-0.385113186,0.0,0.0,0.07528581000000001,-0.43871185799999995,0.10700889499999999,0.291154175,0.0,-0.074749485,0.17678716100000003,0.0,0.0,0.0,0.255153103,0.09074976400000001,0.0,-2.687899298,-0.03203953699999995,0.06920859099999999,0.027651365999999955,0.0,0.0,0.619960388,0.0,0.0,0.299183432,0.09401935500000001,0.42044971,0.0,0.30761021299999936,0.0,0.0,0.0,0.0,0.0,0.207915843,0.0,0.065174918,0.0,0.0,0.0,0.0,0.0,0.6623200610000004,-0.43682950200000004,0.0,-0.16819236000000004,0.5934573750000001,0.0,0.0,0.0,0.0,0.0,0.008417458999999988,0.0,0.23794349400000003,0.0,-0.088369158,0.0,0.0,0.0,0.0,0.0,-0.21452239099999998,0.0,0.0,0.0,-0.031123309000000002,0.0,0.046461793,-0.70154766,0.0,0.252323105,0.0,0.0,0.0,0.0,0.0,-0.15848993199999994,0.5848959619999998,0.0,0.0,0.0,0.11375031600000002,0.0,0.26080118500000005,-0.695142292,-0.060151376,0.0,0.0,-0.029311748999999998,0.20852646200000002,0.0,0.0,-0.2586513509999999,0.0,0.034666916000000006,0.06731672599999998,0.0,0.0,0.06862901700000001,0.39212472,-0.06540414099999992,0.17785124600000002,-0.100793258,0.0,0.0,1.1786946150000002,0.0,0.0,0.0,0.06345325600000001,-0.130012253,0.0,-0.5544332940000001,0.0,-0.389944108,0.0,0.0,0.0,0.0,0.0,0.0,0.0,0.0,0.0,-1.606864291,0.0,0.42656741499999995,0.6572806950000001,0.43808716999999997,0.0,0.0,0.464897284,0.0,0.11741659400000004,0.044839006999999986,0.413314107,-0.620235019,-0.31596272599999997,-0.716881684,0.24020104800000003,0.0,0.0,0.0,0.0,0.0,0.0,0.29739902999999995,0.0,0.19468304000000003,0.168658264,0.0,0.0,-0.678341893
MDAMB361,set19_478,-0.018282560000000003,0.28273487599999997,-0.02133205100000002,0.0036050220000000133,-0.02433442300000002,0.0,-0.026869140000000014,-0.9621696519999999,-0.092682451,0.0,0.0,0.336124772,-1.049884477,-1.0690934140000001,0.17623102699999998,-0.14311325500000002,0.2965516240000001,0.0,0.2012261689999999,0.0,0.0,0.25919404300000004,-0.131205686,0.024624184999999993,0.18878369699999997,0.04496022599999999,0.031813408,0.0,0.05489916500000003,0.080275087,0.253363545,0.0,0.0,0.27565147,0.5951492899999999,0.0,0.490234563,0.0,0.0,0.352609651,0.730065753,0.05153466600000001,0.123635051,0.0,0.057889361000000084,0.316981006,0.0,0.0,0.0,0.15842236,0.154308862,0.0,-0.482546913,-0.08947457800000003,0.07045034799999994,0.01754731199999998,0.0,0.0,0.12678993400000005,0.0,0.0,0.335603511,0.089106107,0.04161617900000003,0.0,0.33590015599999923,0.0,0.0,0.0,0.0,0.0,0.37669522,0.0,0.143124268,0.0,0.0,0.0,0.0,0.0,-0.1947783839999997,-0.197754474,0.0,-0.11117502700000004,0.349313162,0.0,0.0,0.0,0.0,0.0,0.16985416099999998,0.0,0.20726338,0.0,0.0017924169999999906,0.0,0.0,0.0,0.0,0.0,-0.20638298700000002,0.0,0.0,0.0,-0.0670417,0.0,-0.05542948399999999,0.10896419499999999,0.0,0.540993364,0.0,0.0,0.0,0.0,0.0,0.03752811300000003,-0.043318265999999994,0.0,0.0,0.0,0.238776887,0.0,-0.010682509999999978,-0.1534413269999999,-0.072029444,0.0,0.0,-0.168643916,0.159424423,0.0,0.0,-0.09445832099999985,0.0,0.079479351,-0.143781867,0.0,0.0,0.09316834100000002,0.351667976,0.12346573700000008,0.020324088000000073,-0.12927524499999998,0.0,0.0,1.4365642010000002,0.0,0.0,0.0,-0.011583074999999998,-0.062744414,0.0,-0.0009531459999999603,0.0,-0.10159405700000002,0.0,0.0,0.0,0.0,0.0,0.0,0.0,0.0,0.0,-1.145422166,0.0,0.07281391,0.465798112,0.30128987,0.0,0.0,0.04331813099999998,0.0,0.064889684,0.10253906199999996,-0.027848307000000017,-0.46695063800000003,-0.26808938399999993,-0.27275927899999997,0.10136378400000001,0.0,0.0,0.0,0.0,0.0,0.0,0.534768928,0.0,0.22806618200000003,0.14591251700000002,0.0,0.0,-0.509060506
MDAMB361,set19_479,-0.043066678,-0.016308704,-0.07661900300000002,0.08373878200000001,-0.11180210500000001,0.0,0.0068990090000000115,-0.6143499219999999,-0.309321071,0.0,0.0,-1.395886023,1.835607086,2.863593105,0.234823805,0.06439224199999999,0.27639498699999976,0.0,-0.1721361859999999,0.0,0.0,0.245488486,-0.23147368399999999,0.092058889,0.24308185599999999,0.34229567999999994,0.15685358,0.0,0.241070907,-0.066640744,0.072800521,0.0,0.0,-0.115543646,0.385219085,0.0,0.14730837600000002,0.0,0.0,0.159080561,0.691266217,0.0888999920000001,0.580162505,0.0,-0.05965595000000001,0.17039002700000005,0.0,0.0,0.0,0.280965799,0.09052992599999998,0.0,-0.340807242,0.13711311399999992,0.10061827599999995,-0.10704092700000004,0.0,0.0,0.33868212799999986,0.0,0.0,0.240709332,0.12178057,0.12295721799999992,0.0,-0.49010443100000023,0.0,0.0,0.0,0.0,0.0,0.181185355,0.0,-0.022278097999999996,0.0,0.0,0.0,0.0,0.0,0.23058724900000005,-0.08480054500000002,0.0,-0.767657267,0.19273296899999998,0.0,0.0,0.0,0.0,0.0,-0.435984368,0.0,0.155674954,0.0,0.01643900299999998,0.0,0.0,0.0,0.0,0.0,-0.24287644600000002,0.0,0.0,0.0,-0.104946859,0.0,0.156718421,0.03010723500000001,0.0,0.26724858900000004,0.0,0.0,0.0,0.0,0.0,-0.04218256499999995,0.07075614499999983,0.0,0.0,0.0,0.134766153,0.0,0.20750408799999998,-0.18721386099999993,-0.112055782,0.0,0.0,-0.22791846399999993,0.06516818000000002,0.0,0.0,-0.2698346919999999,0.0,-0.024647464999999997,0.245053095,0.0,0.0,0.08293562200000001,0.11305447000000002,0.09515910999999999,0.12446902200000004,0.13623278400000002,0.0,0.0,0.5210325979999999,0.0,0.0,0.0,-0.023763744000000003,0.090800767,0.0,-0.05095266700000001,0.0,-0.174450154,0.0,0.0,0.0,0.0,0.0,0.0,0.0,0.0,0.0,-0.520261005,0.0,0.248607311,1.055927154,-0.033724978,0.0,0.0,0.12349779,0.0,0.108680522,-0.089987971,0.18123403700000001,-0.34720004800000004,-0.06150130199999998,-0.038983386999999925,0.10418721600000003,0.0,0.0,0.0,0.0,0.0,0.0,0.06100696900000002,0.0,0.8269006000000001,0.215556301,0.0,0.0,-0.285718712
MDAMB361,set19_480,-0.33087637999999997,0.015944134999999998,-0.21247515800000005,0.145766634,-0.33210175500000005,0.0,-0.089875239,-1.3659948800000001,-0.453584865,0.0,0.0,-1.141291796,1.249599484,2.3340855179999997,0.239558118,-0.381960223,0.2562124259999998,0.0,0.17376211600000024,0.0,0.0,0.158318175,-0.456457112,0.172171802,0.332770687,0.44308657300000004,0.469721029,0.0,0.19672109699999996,-0.16439403000000002,0.421264026,0.0,0.0,0.01459017600000001,0.702154752,0.0,-0.136566546,0.0,0.0,0.18308574800000002,0.004412244000000003,0.028338001000000057,0.12118705899999999,0.0,-0.11819106999999995,0.2747792680000001,0.0,0.0,0.0,0.44466473500000003,0.05962389699999998,0.0,-1.248524158,-0.02613211500000001,0.15555310899999997,-0.05271913600000003,0.0,0.0,0.46520666499999996,0.0,0.0,0.27243526100000004,0.01555767700000002,0.24380718399999995,0.0,-0.36069087900000074,0.0,0.0,0.0,0.0,0.0,0.467781316,0.0,0.154608717,0.0,0.0,0.0,0.0,0.0,0.06295891300000012,-0.38775411400000004,0.0,-0.247788829,0.394453613,0.0,0.0,0.0,0.0,0.0,0.03872025199999998,0.0,0.226737336,0.0,-0.040137617000000014,0.0,0.0,0.0,0.0,0.0,-0.5262877720000001,0.0,0.0,0.0,-0.256018366,0.0,-0.10057769999999999,-0.769632036,0.0,0.41816256399999996,0.0,0.0,0.0,0.0,0.0,-0.11149094500000001,0.17804045700000004,0.0,0.0,0.0,0.192751503,0.0,0.16424768899999997,-0.558111941,-0.153283427,0.0,0.0,0.16944703900000002,0.170111585,0.0,0.0,-0.48437929599999996,0.0,0.030977631000000005,0.109204927,0.0,0.0,0.06139629300000002,0.305977265,0.021763571000000148,0.05947749100000005,-0.0004968769999999512,0.0,0.0,2.054074098,0.0,0.0,0.0,-0.113361903,0.07900536899999999,0.0,-0.11639170700000001,0.0,-0.285108787,0.0,0.0,0.0,0.0,0.0,0.0,0.0,0.0,0.0,-1.565707986,0.0,0.266723775,0.15617861000000002,-0.807155544,0.0,0.0,0.402221738,0.0,-0.024122563999999985,-0.015426971000000012,0.325480793,-0.5102515,-0.3697143829999999,0.27213518000000003,0.08308493299999997,0.0,0.0,0.0,0.0,0.0,0.0,1.300821881,0.0,0.492556751,0.454380693,0.0,0.0,-0.568852559
MDAMB361,set19_402,-0.20910415100000002,-0.016061729,0.09889799599999999,0.283939377,0.218794401,0.0,0.216414159,-1.107336145,-0.055523210999999996,0.0,0.0,0.016530769000000056,-0.08831793099999996,-0.13842941500000006,0.189005557,0.163463105,-0.022216085000000163,0.0,-0.208538232,0.0,0.0,0.302233205,-0.019394403000000004,6.977599999999362e-05,0.09355672699999995,-0.14768640300000002,0.22237598200000003,0.0,0.04058806100000001,0.05940912099999998,0.11959857700000001,0.0,0.0,0.11864120500000003,0.962468578,0.0,-0.5113347500000001,0.0,0.0,0.24966000400000002,-0.370306274,0.07914741400000003,0.209810756,0.0,0.33604495700000003,-0.274233038,0.0,0.0,0.0,-0.176823199,0.060932246999999995,0.0,-0.265187559,0.01609196199999996,-0.012811549000000033,-0.14047239700000003,0.0,0.0,0.544545997,0.0,0.0,0.13934039800000003,0.05327659300000001,0.41352552899999995,0.0,-0.5419921840000002,0.0,0.0,0.0,0.0,0.0,0.044849110000000025,0.0,-0.06417123100000001,0.0,0.0,0.0,0.0,0.0,0.36281437200000033,0.190790135,0.0,0.2475527740000001,0.16137965000000004,0.0,0.0,0.0,0.0,0.0,-0.082180734,0.0,0.03176289500000001,0.0,-0.12864868200000001,0.0,0.0,0.0,0.0,0.0,0.05818917,0.0,0.0,0.0,0.115729819,0.0,-0.19628305999999998,-0.504647487,0.0,-0.114635831,0.0,0.0,0.0,0.0,0.0,0.28412778000000005,0.07105113399999996,0.0,0.0,0.0,-0.050277669000000025,0.0,0.13568536500000006,-0.29927832499999996,-0.003739774,0.0,0.0,-0.363224506,0.236931034,0.0,0.0,-0.10012648899999999,0.0,-0.060067141,0.208192814,0.0,0.0,0.03158119000000001,0.28979718699999996,-0.036690452999999845,0.152916512,0.04227208400000004,0.0,0.0,-0.549137612,0.0,0.0,0.0,0.163501862,-0.200393445,0.0,-0.005233434999999953,0.0,0.004277813999999991,0.0,0.0,0.0,0.0,0.0,0.0,0.0,0.0,0.0,-1.0148811690000001,0.0,0.301595929,0.72913312,0.064691392,0.0,0.0,-0.27034194500000003,0.0,0.015566789999999997,-0.22334883800000005,0.232522606,-0.132759468,0.18469659800000002,-1.048230837,0.25135619200000003,0.0,0.0,0.0,0.0,0.0,0.0,0.197108503,0.0,0.758735612,0.235833048,0.0,0.0,-0.118241975
MDAMB361,set19_475,-0.115088574,0.060107718,0.131962982,0.236099917,-0.07678374899999998,0.0,0.026437244,-1.384713386,-0.076323515,0.0,0.0,-1.4244578190000001,2.303803812,2.884003627,0.164743492,0.196467751,0.04500390199999993,0.0,0.04729026199999997,0.0,0.0,0.23164455,-0.308599943,0.07382219200000001,0.168630269,0.21324604599999997,0.327571987,0.0,0.27640350599999997,0.11766395900000001,0.156161493,0.0,0.0,0.16484715600000002,0.331867205,0.0,-0.022283963000000018,0.0,0.0,0.365636136,-0.451797475,0.1344423210000001,0.251899409,0.0,0.07813103799999999,0.12120882799999999,0.0,0.0,0.0,0.012686998000000005,0.10526250199999998,0.0,-1.0736403589999999,0.087246406,0.086624288,-0.07087274800000001,0.0,0.0,0.48891322299999995,0.0,0.0,0.28816756,0.100710583,0.412677175,0.0,-0.05700082400000017,0.0,0.0,0.0,0.0,0.0,-0.03481944400000003,0.0,-0.065594915,0.0,0.0,0.0,0.0,0.0,0.16604844200000013,-0.25824177400000004,0.0,-0.737755061,0.437176485,0.0,0.0,0.0,0.0,0.0,-0.26357911500000003,0.0,0.17739033,0.0,-0.011800515000000011,0.0,0.0,0.0,0.0,0.0,-0.018461446999999992,0.0,0.0,0.0,0.024566956999999997,0.0,0.105567042,-0.12534724499999994,0.0,0.096209186,0.0,0.0,0.0,0.0,0.0,0.128516754,0.24262797599999986,0.0,0.0,0.0,0.04200387900000002,0.0,0.35715329100000004,-0.11279456499999996,-0.13352299,0.0,0.0,0.027829148999999997,0.15588522800000001,0.0,0.0,-0.3007047789999999,0.0,-0.20036527599999998,0.17712553599999997,0.0,0.0,0.005633356000000006,0.392826387,0.028276291000000064,0.12042270500000002,0.13686007600000002,0.0,0.0,-0.23556763199999997,0.0,0.0,0.0,0.125446895,-0.004102406000000003,0.0,-0.23955357199999994,0.0,-0.12581284,0.0,0.0,0.0,0.0,0.0,0.0,0.0,0.0,0.0,-0.21333390099999994,0.0,0.569790661,0.633290219,0.074324342,0.0,0.0,0.15032695899999998,0.0,0.218057891,-0.12264049399999999,0.318723447,-0.502382184,0.01012885600000002,-0.537787354,0.21577795300000002,0.0,0.0,0.0,0.0,0.0,0.0,0.320490301,0.0,0.32362486300000004,0.29369095,0.0,0.0,-0.309251009
MDAMB361,set19_456,-0.06313791799999999,0.250015385,-0.251394059,0.28704455100000004,-0.180093154,0.0,0.074720054,-0.42325705599999996,-0.333390338,0.0,0.0,-0.975933504,0.7731978119999999,1.9725620099999999,0.089628809,0.208651415,0.6129153860000001,0.0,-0.18051687900000002,0.0,0.0,0.160549225,-0.485690682,0.15135510300000002,0.265790043,0.129808449,0.19045088100000002,0.0,-0.250810192,-0.0054457680000000175,-0.19275649099999997,0.0,0.0,0.09191514300000003,0.651094514,0.0,-0.391668155,0.0,0.0,0.026232597000000024,0.49379695,0.07029723600000004,0.5414095210000001,0.0,0.05941755500000001,-0.105685278,0.0,0.0,0.0,0.242707109,0.22867611499999999,0.0,-1.4526548149999998,-0.482023255,-0.09115190500000014,0.11381827099999997,0.0,0.0,0.07978617300000002,0.0,0.0,0.259607692,0.17456203,0.327283974,0.0,-0.7719582790000001,0.0,0.0,0.0,0.0,0.0,0.7916215959999999,0.0,0.25599572000000004,0.0,0.0,0.0,0.0,0.0,0.17572964700000027,-0.521968466,0.0,-1.2453119049999999,0.30979244300000003,0.0,0.0,0.0,0.0,0.0,-0.157295013,0.0,0.05111557400000001,0.0,0.066541622,0.0,0.0,0.0,0.0,0.0,-0.595101369,0.0,0.0,0.0,-0.08396664200000001,0.0,-0.17389296899999998,-0.679585657,0.0,0.491605292,0.0,0.0,0.0,0.0,0.0,0.07068232800000002,0.2585857519999999,0.0,0.0,0.0,0.218012109,0.0,0.09108037600000007,-1.200347681,0.054923882,0.0,0.0,0.14359026800000002,0.348656991,0.0,0.0,-0.07834860300000002,0.0,0.15283061800000003,-0.2924565,0.0,0.0,0.145648065,0.205187301,0.19939940000000012,0.15428369800000002,0.20902636800000002,0.0,0.0,-0.09335287199999986,0.0,0.0,0.0,-0.490229888,0.131141589,0.0,-0.22403964599999993,0.0,-0.221679418,0.0,0.0,0.0,0.0,0.0,0.0,0.0,0.0,0.0,-1.692985438,0.0,0.177250624,0.546488723,0.255839058,0.0,0.0,0.33278430200000003,0.0,-0.02995570799999997,0.12595997999999997,0.210456974,-0.478048543,0.036149027,0.37239191799999993,0.158331828,0.0,0.0,0.0,0.0,0.0,0.0,0.08755373300000002,0.0,0.453297844,0.370719326,0.0,0.0,-0.592860678
MDAMB361,set19_455,-0.01835841499999999,-0.0006791909999999991,-0.15746477300000006,0.20909176000000002,-0.04984275699999999,0.0,0.12984590499999998,-0.919307115,-0.29164057,0.0,0.0,-1.404007192,1.6300868289999997,2.60631171,0.06515359999999999,0.168715974,0.7469144339999998,0.0,-0.3787750109999999,0.0,0.0,0.079191478,-0.230375373,0.057907085,0.21886954800000002,0.16628209699999996,0.283483736,0.0,-0.197617673,0.029546716,-0.24954921599999996,0.0,0.0,0.24557566600000003,0.275041411,0.0,0.424141879,0.0,0.0,0.13217822100000004,-0.42274466899999996,0.02861485000000008,0.126895285,0.0,0.10669907600000006,-0.03951291999999995,0.0,0.0,0.0,0.04478220799999999,0.180676163,0.0,-0.724340263,0.02322264900000004,-0.033756326999999975,0.045308389999999976,0.0,0.0,-0.00661754800000014,0.0,0.0,0.240537985,0.146958727,0.12674370000000001,0.0,-0.7191767430000002,0.0,0.0,0.0,0.0,0.0,0.46150677399999995,0.0,0.023838405999999996,0.0,0.0,0.0,0.0,0.0,0.059508768000000156,-0.313766621,0.0,-1.105786088,0.263191276,0.0,0.0,0.0,0.0,0.0,-0.233523858,0.0,0.05452705800000002,0.0,0.04643691600000002,0.0,0.0,0.0,0.0,0.0,-0.39978178400000003,0.0,0.0,0.0,0.049579153,0.0,-0.08714028099999999,-0.487787005,0.0,0.293041864,0.0,0.0,0.0,0.0,0.0,0.090225153,-0.01232634499999996,0.0,0.0,0.0,0.06755444799999999,0.0,0.014258568000000027,-0.586036292,0.116641685,0.0,0.0,0.011278102000000012,0.285684641,0.0,0.0,0.10063109000000003,0.0,0.095059569,-0.003796534000000004,0.0,0.0,0.128367045,0.23677387499999997,0.1568657400000001,0.06609205300000004,0.10024316900000002,0.0,0.0,-0.4984238329999999,0.0,0.0,0.0,-0.004866034999999991,-0.03310611400000002,0.0,-0.16317297200000003,0.0,-0.15436941500000004,0.0,0.0,0.0,0.0,0.0,0.0,0.0,0.0,0.0,-0.6503962729999999,0.0,0.03858714399999999,0.532089303,-0.085379915,0.0,0.0,-0.13439878700000002,0.0,0.010103285000000017,0.08953991499999991,0.011401582000000021,-0.357766531,-0.0004068609999999806,0.17432739200000014,0.09232247100000002,0.0,0.0,0.0,0.0,0.0,0.0,0.21229389499999995,0.0,0.605279561,-0.0025759559999999904,0.0,0.0,-0.378443199
MDAMB361,set19_454,0.03364272800000001,-0.008512915,-0.123995678,0.147980577,0.071337825,0.0,0.050082008,-0.5344157439999999,-0.166163019,0.0,0.0,0.15848889200000005,-1.1934842319999999,-1.019208332,0.013615165999999998,0.19586036499999998,0.2327138419999999,0.0,0.08533360400000012,0.0,0.0,0.158996976,-0.231745608,0.07604573,0.14463412399999998,0.084272925,-0.067716735,0.0,-0.11545845899999996,0.037728175999999974,-0.078249234,0.0,0.0,-0.020166081999999974,0.660828341,0.0,0.19840085500000004,0.0,0.0,0.039451221000000036,-0.531762156,-0.028570712999999914,0.123141878,0.0,0.24413625600000005,-0.019725181999999952,0.0,0.0,0.0,0.046288211999999995,0.201183474,0.0,-0.736932467,-0.459287065,-0.04763421400000001,0.15848215299999996,0.0,0.0,-0.00843529799999998,0.0,0.0,0.18429998200000003,0.14295695600000002,-0.04099943000000006,0.0,0.09449114899999955,0.0,0.0,0.0,0.0,0.0,0.496711356,0.0,0.11857738599999999,0.0,0.0,0.0,0.0,0.0,0.27712734800000005,-0.18345372100000001,0.0,-0.17981268299999997,0.346100326,0.0,0.0,0.0,0.0,0.0,0.041161005,0.0,-0.022767207999999983,0.0,0.090921361,0.0,0.0,0.0,0.0,0.0,-0.318814203,0.0,0.0,0.0,0.026549437999999998,0.0,-0.153783287,-0.701383561,0.0,0.516836974,0.0,0.0,0.0,0.0,0.0,0.11653511200000005,0.15155787600000004,0.0,0.0,0.0,0.222244256,0.0,0.06609547600000004,-0.51676022,-0.014530597,0.0,0.0,0.06743177200000003,0.26045065100000003,0.0,0.0,-0.41604884099999984,0.0,0.086426856,-0.250741488,0.0,0.0,0.20999543,0.23294933099999998,0.15058718700000007,0.181320419,-0.09779640399999995,0.0,0.0,-0.39462649399999994,0.0,0.0,0.0,0.051388605000000004,-0.173527957,0.0,-0.17877366900000002,0.0,-0.06427174300000002,0.0,0.0,0.0,0.0,0.0,0.0,0.0,0.0,0.0,-1.772185682,0.0,0.044765083,0.760374526,0.26282287,0.0,0.0,0.15154948699999998,0.0,0.01832283400000001,0.13811409499999994,0.141314406,-0.386017757,0.027640404000000007,-0.131982779,0.21946079700000004,0.0,0.0,0.0,0.0,0.0,0.0,-0.17383638200000007,0.0,0.337589507,0.012136215000000006,0.0,0.0,-0.637285908
MDAMB361,set19_452,0.016936879999999988,0.081637721,0.021774196999999995,0.485629725,-0.014049712999999991,0.0,0.131197435,-1.297225458,-0.070180074,0.0,0.0,-0.238699065,0.580039079,1.494834209,0.20990892700000002,0.285652224,0.04043143800000015,0.0,-0.19005724999999996,0.0,0.0,0.239287482,-0.6114777140000001,0.155602975,0.100002747,0.13767522100000001,0.1533296,0.0,-0.10791620199999996,0.152701461,-0.0009018980000000121,0.0,0.0,0.35119407700000005,0.41646145599999995,0.0,0.514731562,0.0,0.0,-0.03674793199999998,-0.528622198,0.18602483700000005,0.06812655599999999,0.0,0.22610888700000004,-0.08108081699999997,0.0,0.0,0.0,-0.263802791,0.222763686,0.0,-0.214054266,-1.236331056,0.16866506699999995,0.17898938599999997,0.0,0.0,0.13824989199999993,0.0,0.0,0.28218099900000004,0.17456203,0.15988793999999995,0.0,-0.5996775280000004,0.0,0.0,0.0,0.0,0.0,0.248782689,0.0,-0.093675233,0.0,0.0,0.0,0.0,0.0,0.07138720100000029,-0.186093546,0.0,-1.1042652,0.294756188,0.0,0.0,0.0,0.0,0.0,-0.11556166000000001,0.0,0.04872188900000002,0.0,0.155296831,0.0,0.0,0.0,0.0,0.0,-0.10555492,0.0,0.0,0.0,0.19371786,0.0,-0.274984377,-1.540947962,0.0,0.258400261,0.0,0.0,0.0,0.0,0.0,0.154676572,0.19637493799999994,0.0,0.0,0.0,0.14226175200000002,0.0,0.182516185,-1.464304031,0.062139188,0.0,0.0,0.26999607400000003,0.41887122,0.0,0.0,-0.180683476,0.0,0.202725092,-0.04958348400000001,0.0,0.0,0.200463722,0.13712652699999994,0.22872803600000002,0.266616644,-0.09737268599999999,0.0,0.0,-0.5451820539999999,0.0,0.0,0.0,0.11127943000000001,-0.12230922999999999,0.0,0.09588734100000001,0.0,0.098437685,0.0,0.0,0.0,0.0,0.0,0.0,0.0,0.0,0.0,-1.680096046,0.0,0.07916853099999999,0.6550062510000001,0.023025229999999994,0.0,0.0,0.10502356099999999,0.0,0.12767755200000003,0.1577253879999999,0.272784591,-0.274759519,0.14814396300000005,-0.647369695,0.33288981300000003,0.0,0.0,0.0,0.0,0.0,0.0,-0.069884752,0.0,0.678234784,0.224666057,0.0,0.0,-0.312513228
MDAMB361,set19_474,-0.231947557,0.06982582600000001,0.320515867,0.116510787,0.037693367000000005,0.0,-0.045988103,-1.074013405,0.091199826,0.0,0.0,0.574834983,-0.898704485,-0.9301600560000001,0.318267286,0.12697209599999998,0.7074669239999998,0.0,0.7216466430000001,0.0,0.0,0.342700989,-0.193882366,0.15319332,0.23748955500000002,0.011598888000000002,0.263425022,0.0,0.49493493600000005,-0.010248526000000008,0.300820531,0.0,0.0,0.22517027900000003,0.291047831,0.0,0.25708825199999996,0.0,0.0,0.12039610900000003,-0.38419104699999995,0.033746037000000007,-0.13309118400000003,0.0,0.343883027,0.18976906999999998,0.0,0.0,0.0,-0.012329594999999971,0.093992817,0.0,-1.6068743399999998,0.06212848599999998,0.14454850899999994,-0.03402839400000002,0.0,0.0,0.598599484,0.0,0.0,0.38931680500000004,0.09042468000000001,0.35523041,0.0,1.210010852,0.0,0.0,0.0,0.0,0.0,0.06757934199999993,0.0,0.083750989,0.0,0.0,0.0,0.0,0.0,0.9178261380000001,0.21116227199999998,0.0,0.5562813440000001,0.589003011,0.0,0.0,0.0,0.0,0.0,0.324642215,0.0,0.019742754,0.0,-0.152815512,0.0,0.0,0.0,0.0,0.0,0.164623089,0.0,0.0,0.0,-0.11912023899999999,0.0,0.205256004,-0.6845532639999999,0.0,-1.172750951,0.0,0.0,0.0,0.0,0.0,0.12749101100000004,0.404994278,0.0,0.0,0.0,0.03457140599999997,0.0,0.45016368000000007,0.09070664300000009,0.028359132000000002,0.0,0.0,-0.20999475,0.17993530600000002,0.0,0.0,-0.16352200100000003,0.0,0.0030043410000000006,0.164072277,0.0,0.0,0.09318102100000002,0.5901444299999999,-0.025337664000000037,0.18326593700000005,-0.059775111999999964,0.0,0.0,0.8513070890000003,0.0,0.0,0.0,0.253819354,-0.279302502,0.0,-0.33034414599999995,0.0,-0.243634692,0.0,0.0,0.0,0.0,0.0,0.0,0.0,0.0,0.0,-1.212956169,0.0,0.503530817,0.725527109,-0.145587166,0.0,0.0,0.221309386,0.0,0.139701034,-0.08714083400000006,0.12098946300000002,-0.432698698,-0.05477063999999998,-0.769289677,0.316315232,0.0,0.0,0.0,0.0,0.0,0.0,0.526101486,0.0,0.38327969300000003,0.5047734,0.0,0.0,-0.328383398
MDAMB361,set19_450,-0.217552959,0.170278247,0.06819145399999998,0.12904464799999998,0.10401395899999999,0.0,0.066647166,-0.12110907500000001,-0.146383482,0.0,0.0,0.18777616600000002,-1.365261772,-1.23087394,0.225048028,0.07965888299999999,0.10005022799999974,0.0,-0.288243995,0.0,0.0,0.265839574,-0.626895202,-0.036289733000000005,0.11299851999999999,-0.11816100500000001,0.08896296100000001,0.0,0.007761845999999961,-0.037424659,-0.004468330999999992,0.0,0.0,0.11538828000000001,-0.6736597390000001,0.0,-0.432961769,0.0,0.0,0.29045034200000003,-0.462374016,0.044274065000000085,0.04734351399999999,0.0,0.07929051399999998,-0.34538501199999994,0.0,0.0,0.0,-0.510036988,-0.217113035,0.0,-0.11326270800000002,-0.850284573,0.06859982599999992,-0.03803368600000004,0.0,0.0,0.21599034899999991,0.0,0.0,0.20699793900000002,0.089770105,0.21190257199999996,0.0,-0.5058622500000003,0.0,0.0,0.0,0.0,0.0,0.09221894499999994,0.0,-0.041625965,0.0,0.0,0.0,0.0,0.0,0.12882676400000026,0.130680833,0.0,0.14365520599999992,0.20839797499999996,0.0,0.0,0.0,0.0,0.0,-0.01602983300000002,0.0,0.00032467900000002214,0.0,-0.17921915300000002,0.0,0.0,0.0,0.0,0.0,-0.072553125,0.0,0.0,0.0,0.087205414,0.0,-0.128770269,0.11995206999999997,0.0,-0.045084762,0.0,0.0,0.0,0.0,0.0,0.162426913,0.09844248599999994,0.0,0.0,0.0,-0.0036744049999999917,0.0,0.34442155500000005,-0.793819081,-0.016693591,0.0,0.0,0.270637352,0.24224807,0.0,0.0,-0.3320735269999999,0.0,0.012298640999999999,0.026549768999999987,0.0,0.0,-0.001959352999999997,0.395376907,0.007319220000000071,0.10594921500000004,-0.06319230399999998,0.0,0.0,-0.41523288599999986,0.0,0.0,0.0,0.19525973600000002,-0.343418035,0.0,0.04017198800000005,0.0,0.01835871,0.0,0.0,0.0,0.0,0.0,0.0,0.0,0.0,0.0,-1.959739059,0.0,0.133077691,0.673722376,-0.07088412599999999,0.0,0.0,-0.44067907900000003,0.0,0.12579905000000002,-0.12990480100000001,0.10953046799999999,-0.254895313,0.14786777100000004,-1.2839536,0.3091098,0.0,0.0,0.0,0.0,0.0,0.0,0.12438607099999999,0.0,0.555608184,0.29369095,0.0,0.0,-0.225979815
MDAMB361,set19_427,-0.103082004,0.289150472,0.10390714899999998,0.469852695,0.07667041,0.0,0.29788736699999996,-1.6434967710000001,-0.050425678999999994,0.0,0.0,-0.8903764590000001,1.6401724519999998,2.453803101,0.090347328,0.32885043199999997,0.11414568399999991,0.0,-0.06860332499999999,0.0,0.0,0.23040292299999998,-0.269869317,0.07978750100000001,0.13033659899999994,-0.010246443000000022,0.282020777,0.0,0.006907870000000038,0.13486636099999996,0.067919226,0.0,0.0,0.348703804,0.6493666949999999,0.0,-0.097903764,0.0,0.0,-0.008663119999999969,-0.6235871780000001,0.12557852000000003,-0.08409205100000001,0.0,0.228857099,-0.160332604,0.0,0.0,0.0,-0.101126785,0.219077245,0.0,-0.308215626,0.0007509460000000301,0.18555372799999992,-0.014319875000000037,0.0,0.0,0.3911385169999999,0.0,0.0,0.252860452,0.10119507600000001,0.407933401,0.0,-0.6324973810000003,0.0,0.0,0.0,0.0,0.0,0.10320070800000003,0.0,-0.03355063800000001,0.0,0.0,0.0,0.0,0.0,0.1302303600000001,-0.027803721000000003,0.0,-1.166060139,0.24198384700000003,0.0,0.0,0.0,0.0,0.0,-0.222309686,0.0,0.17781016900000002,0.0,-0.065175293,0.0,0.0,0.0,0.0,0.0,0.082404973,0.0,0.0,0.0,0.14550609,0.0,-0.147031366,-0.92461297,0.0,0.010544256000000002,0.0,0.0,0.0,0.0,0.0,0.23969489800000005,0.11316323299999986,0.0,0.0,0.0,-0.16401185399999996,0.0,0.14195152600000005,-0.926861391,0.0009426250000000003,0.0,0.0,-0.421023731,0.265860323,0.0,0.0,0.03976008799999997,0.0,0.03541424800000001,0.14683615099999997,0.0,0.0,0.13781055400000003,0.14219595200000001,0.1371380630000001,0.222012011,-0.10530225499999996,0.0,0.0,-0.37393192399999986,0.0,0.0,0.0,0.19394199899999998,-0.276287587,0.0,0.040339380000000036,0.0,0.09325916099999998,0.0,0.0,0.0,0.0,0.0,0.0,0.0,0.0,0.0,-0.27426426000000004,0.0,0.213003903,0.618668883,-0.008308752000000003,0.0,0.0,-0.041885649999999996,0.0,0.158793181,0.05760502299999992,0.269249188,-0.076150958,0.13760376400000002,-0.747278633,0.26431945300000004,0.0,0.0,0.0,0.0,0.0,0.0,0.39748704999999995,0.0,0.01390306400000002,0.11197513,0.0,0.0,-0.336814215
MDAMB361,set19_451,-0.222016675,0.379706863,0.15812851499999997,0.271826866,0.05859266199999999,0.0,0.062423981,-0.8635491049999999,-0.044267459999999995,0.0,0.0,-1.1000273630000001,1.969335578,2.743554686,0.068079876,0.09978460299999999,-0.038326756999999656,0.0,-0.30098701699999997,0.0,0.0,0.177418465,-0.5157909190000001,0.02319446,0.007771475999999944,-0.142512398,0.280018238,0.0,0.017227596999999983,0.03995796500000001,0.08583839500000001,0.0,0.0,0.015003644000000038,0.10349542999999994,0.0,-0.358041805,0.0,0.0,0.31892077100000005,-0.524048069,0.048333512999999995,0.06989757999999999,0.0,0.06458920700000004,-0.29536141699999996,0.0,0.0,0.0,-0.41334213000000003,-0.02198636100000001,0.0,-0.10484053700000001,-0.288277079,0.01401303899999995,-0.13874083600000003,0.0,0.0,0.31051491900000006,0.0,0.0,0.144341027,0.014695315000000014,0.343786125,0.0,-0.6389606480000003,0.0,0.0,0.0,0.0,0.0,0.025629624000000018,0.0,-0.155531126,0.0,0.0,0.0,0.0,0.0,0.048741930000000266,0.102642488,0.0,-1.029501473,0.10096563899999994,0.0,0.0,0.0,0.0,0.0,-0.271074822,0.0,0.054912504000000015,0.0,-0.204398878,0.0,0.0,0.0,0.0,0.0,0.062538404,0.0,0.0,0.0,0.07310122799999999,0.0,-0.05756534999999999,-0.74470361,0.0,0.03674261,0.0,0.0,0.0,0.0,0.0,0.148624266,0.16305771599999996,0.0,0.0,0.0,-0.11237248300000002,0.0,0.24762957800000007,-0.690830989,-0.145757132,0.0,0.0,-0.22217559600000003,0.07891640900000002,0.0,0.0,-0.21380797499999993,0.0,0.13038452300000003,0.056227586999999996,0.0,0.0,-0.07823502399999996,0.18427197699999998,-0.09017207599999999,0.032306763000000016,-0.03538282899999995,0.0,0.0,-0.46781822500000003,0.0,0.0,0.0,0.08636976699999999,-0.359336294,0.0,-0.08462979399999992,0.0,0.08030943499999998,0.0,0.0,0.0,0.0,0.0,0.0,0.0,0.0,0.0,-0.277321849,0.0,0.146341268,0.567477702,0.002517315000000006,0.0,0.0,-0.04621423900000002,0.0,0.07039563800000004,-0.10617089000000002,0.445289477,-0.22431010699999998,0.18191526000000002,-0.914978467,0.13889126300000004,0.0,0.0,0.0,0.0,0.0,0.0,0.25707149599999995,0.0,0.503852133,0.020878704999999997,0.0,0.0,-0.49602331600000005
MDAMB361,set19_408,-0.132150942,-0.045787097,-0.09178090699999997,0.299405319,-0.00964757699999999,0.0,0.576330109,-0.47700844,-0.338140989,0.0,0.0,-0.403654681,0.431195028,1.5844851479999997,0.090691046,0.0016301299999999797,0.7934727580000001,0.0,-0.300132407,0.0,0.0,-0.23280163699999998,-0.388808764,0.041053013,0.21334755699999997,0.13357264599999996,0.181487946,0.0,-0.04059025900000002,-0.17266840900000002,0.014067282999999986,0.0,0.0,0.08822351,0.696811445,0.0,0.141345143,0.0,0.0,0.11799739100000001,0.177533697,0.06501511500000001,0.072158528,0.0,0.053481855999999994,-0.317196512,0.0,0.0,0.0,-0.219210799,0.155170232,0.0,-0.327935713,-0.11964218999999998,0.02836829399999996,-0.026706708000000023,0.0,0.0,0.24251605599999992,0.0,0.0,0.008280899000000064,0.073615383,0.16673716499999996,0.0,-0.8920058350000004,0.0,0.0,0.0,0.0,0.0,0.19740921599999994,0.0,-0.021978929000000008,0.0,0.0,0.0,0.0,0.0,0.5701291210000003,-0.071933662,0.0,-1.792029849,0.019724540999999984,0.0,0.0,0.0,0.0,0.0,-0.309858557,0.0,-0.033637640999999996,0.0,-8.396199999999299e-05,0.0,0.0,0.0,0.0,0.0,-0.43154114800000004,0.0,0.0,0.0,-0.19221248900000001,0.0,-0.07077546099999998,-0.765582696,0.0,0.103077556,0.0,0.0,0.0,0.0,0.0,0.17140131400000003,-0.02284584200000017,0.0,0.0,0.0,-0.22331966999999997,0.0,0.1526923,-1.518826834,-0.133217461,0.0,0.0,0.05238843100000001,0.06234588100000002,0.0,0.0,-0.05939571099999985,0.0,-0.12766945400000002,0.031133385,0.0,0.0,0.05411395100000002,0.09381888999999999,0.0008676480000000542,0.089583731,-0.042369365999999964,0.0,0.0,-0.19284421799999985,0.0,0.0,0.0,-0.04679551299999998,-0.20238381,0.0,0.022738603000000024,0.0,-0.08451629600000002,0.0,0.0,0.0,0.0,0.0,0.0,0.0,0.0,0.0,-1.610378192,0.0,0.117553855,0.511099305,0.10862505300000001,0.0,0.0,-0.073693323,0.0,0.160927885,-0.025503511000000034,0.250435133,-0.122900394,0.003214258999999997,0.03231875299999998,0.12358789400000003,0.0,0.0,0.0,0.0,0.0,0.0,0.7605491959999999,0.0,1.037740479,0.272295538,0.0,0.0,-0.41102216
MDAMB361,set19_407,-0.11791180300000001,0.189359062,-0.10682020599999997,0.297976266,0.06293758799999999,0.0,0.488794344,0.13925829300000003,-0.349785013,0.0,0.0,-0.844321302,1.2613093659999999,2.364638932,0.14019225899999999,0.10896593299999999,0.3619829499999998,0.0,-0.34375383699999995,0.0,0.0,-0.15545538700000003,-0.24300729699999998,0.06714526400000001,0.18555833099999997,0.034592804999999976,0.028434439000000002,0.0,-0.11186086699999997,-0.040550893000000005,-0.23926991199999997,0.0,0.0,0.028339588000000027,0.7815645339999999,0.0,0.41324397199999996,0.0,0.0,0.512529945,0.609966001,0.15287261000000008,-0.202710098,0.0,0.13687565600000007,-0.214911843,0.0,0.0,0.0,-0.20446930800000002,0.16480646899999998,0.0,-0.685322951,-0.11790392699999996,0.090790127,0.07490670899999996,0.0,0.0,0.24674265699999998,0.0,0.0,0.13740963,0.04694527500000001,0.137226375,0.0,-0.9833957800000004,0.0,0.0,0.0,0.0,0.0,0.21071448599999998,0.0,-0.008952658000000002,0.0,0.0,0.0,0.0,0.0,0.42638499500000027,-0.151637578,0.0,-1.149662126,0.09572218500000002,0.0,0.0,0.0,0.0,0.0,-0.293558435,0.0,-0.050879432999999974,0.0,0.025729077000000017,0.0,0.0,0.0,0.0,0.0,-0.18602452800000002,0.0,0.0,0.0,-0.030588371000000003,0.0,-0.153783287,-0.653534534,0.0,0.245550697,0.0,0.0,0.0,0.0,0.0,0.19405118600000004,-0.03889557300000002,0.0,0.0,0.0,-0.064703536,0.0,0.09453632300000003,-1.078179239,-0.035266718,0.0,0.0,-0.27266795499999996,0.13315633300000002,0.0,0.0,0.10908617300000001,0.0,-0.023669553999999995,0.148728833,0.0,0.0,0.021167552000000006,0.17100714100000003,0.04483859400000001,0.10061892900000002,-0.06213399599999997,0.0,0.0,-0.31887683599999983,0.0,0.0,0.0,0.07110661600000001,-0.165206071,0.0,0.08824068200000001,0.0,0.03414737099999998,0.0,0.0,0.0,0.0,0.0,0.0,0.0,0.0,0.0,-0.5379877820000001,0.0,0.007764702999999998,-0.19835821399999998,-0.082394177,0.0,0.0,-0.09458649200000002,0.0,0.15588069100000002,-0.020631504999999994,0.181966007,-0.052045781000000006,0.031272944000000025,0.46831245199999993,0.16403041300000004,0.0,0.0,0.0,0.0,0.0,0.0,-0.12383847700000006,0.0,1.3986561160000002,0.220330217,0.0,0.0,-0.427488995
MDAMB361,set19_426,-0.267975743,0.226712374,0.23140250899999998,0.172850999,0.148660241,0.0,0.35228114,-1.369875783,-0.016637933999999993,0.0,0.0,0.05544454799999998,-1.425415515,-1.29241515,0.217919839,0.305070749,0.15031399700000003,0.0,-0.12796104100000005,0.0,0.0,0.398523815,-0.477894429,-0.038629384,0.20092066499999994,-0.052947399000000006,0.31397049499999996,0.0,0.04961316199999999,0.118451793,0.184316161,0.0,0.0,0.44280486100000005,0.53517489,0.0,-0.34575337,0.0,0.0,0.659874634,-0.100693482,0.15406638000000006,0.12933611,0.0,0.23149609000000004,-0.28443616499999996,0.0,0.0,0.0,-0.28938596199999994,0.196864732,0.0,-0.213053446,0.07384489999999999,0.17533567699999997,-0.033984331000000034,0.0,0.0,0.491999659,0.0,0.0,0.23071630600000004,0.112587886,0.409285166,0.0,-0.43131525800000015,0.0,0.0,0.0,0.0,0.0,0.374532055,0.0,0.047997695,0.0,0.0,0.0,0.0,0.0,0.17077805400000035,0.159441223,0.0,-0.21913840100000004,-0.163802791,0.0,0.0,0.0,0.0,0.0,-0.08771269000000001,0.0,0.158196201,0.0,-0.151555094,0.0,0.0,0.0,0.0,0.0,0.06792184500000001,0.0,0.0,0.0,0.169227992,0.0,-0.15584933099999998,-0.782105759,0.0,0.11123719600000001,0.0,0.0,0.0,0.0,0.0,0.36458581100000004,0.02440214399999996,0.0,0.0,0.0,-0.24018727500000003,0.0,0.31559045500000005,-1.050355153,0.041621168,0.0,0.0,-0.408000991,0.288292233,0.0,0.0,-0.19071861,0.0,0.08854730400000001,0.293492259,0.0,0.0,0.10855050300000002,0.250806683,0.09181267800000015,0.09873185000000001,-0.08137524199999996,0.0,0.0,-0.4577779799999999,0.0,0.0,0.0,0.269536935,-0.34503184,0.0,0.096458545,0.0,0.223394252,0.0,0.0,0.0,0.0,0.0,0.0,0.0,0.0,0.0,-1.927207803,0.0,0.33419527,0.630135582,-0.014874668999999993,0.0,0.0,-0.21662505,0.0,0.185824467,-0.03408989500000004,-0.009858482000000002,-0.159259302,0.146901298,-0.633603072,0.304436835,0.0,0.0,0.0,0.0,0.0,0.0,0.30553056199999995,0.0,1.4605648009999999,0.141767172,0.0,0.0,-0.51441375
MDAMB361,set19_404,-0.006137193000000013,0.26927421,0.009194238999999993,0.441964437,0.270678331,0.0,0.642389689,-1.5207644459999998,0.0027127020000000113,0.0,0.0,-0.307905382,1.033500955,1.7800235029999998,0.12281476499999999,0.293073315,0.8995201599999998,0.0,-0.2556969389999999,0.0,0.0,-0.205769428,-0.018047906000000002,0.139145065,0.12263203199999995,0.063389904,0.145824916,0.0,-0.07358098999999996,0.19584952199999997,0.107741117,0.0,0.0,0.290042476,0.944891339,0.0,-0.618934147,0.0,0.0,0.027477105,-0.537902396,0.05181973400000006,-0.08300081800000002,0.0,0.306119081,-0.028997133999999924,0.0,0.0,0.0,-0.040616755999999976,0.149820295,0.0,-0.42284924,-0.12853428,0.23357711199999998,0.13531771499999995,0.0,0.0,0.3028872,0.0,0.0,0.235727827,0.153371749,0.319744152,0.0,-0.5282034080000004,0.0,0.0,0.0,0.0,0.0,0.227235427,0.0,0.07652999799999999,0.0,0.0,0.0,0.0,0.0,-0.287875219,-0.050569316,0.0,-1.257419772,0.336106281,0.0,0.0,0.0,0.0,0.0,-0.050949256,0.0,-0.212067874,0.0,0.05696243300000001,0.0,0.0,0.0,0.0,0.0,-0.05254741099999999,0.0,0.0,0.0,0.224983396,0.0,-0.29457199300000003,-0.45335483,0.0,0.216050682,0.0,0.0,0.0,0.0,0.0,0.314888414,0.06293522299999998,0.0,0.0,0.0,0.06754043700000001,0.0,0.06265789500000002,-0.7465465569999999,0.168576324,0.0,0.0,-0.11398203299999998,0.21302214500000002,0.0,0.0,0.08127094000000001,0.0,0.088861638,0.04741696199999999,0.0,0.0,0.195993028,0.141348924,0.23080641700000004,0.18097449100000002,0.21087833100000003,0.0,0.0,-0.5103803929999999,0.0,0.0,0.0,0.08001354,0.029606772999999975,0.0,0.020642559000000005,0.0,0.0012328899999999865,0.0,0.0,0.0,0.0,0.0,0.0,0.0,0.0,0.0,-1.04732585,0.0,0.103042447,0.639301685,-0.052076691999999994,0.0,0.0,-0.11404324700000001,0.0,0.013397482000000016,0.10078119299999999,-0.09469259299999999,0.004270314999999997,0.152301228,-0.341723659,0.226583971,0.0,0.0,0.0,0.0,0.0,0.0,-0.13705310300000006,0.0,0.387281845,-0.07575428699999998,0.0,0.0,-0.0019643159999999937
MDAMB361,set19_430,0.002770781,-0.044664329,0.035053253000000006,0.357103465,0.20919779,0.0,0.198957052,-1.2431766579999999,-0.145455073,0.0,0.0,0.12593467700000005,-1.426741512,-1.278005101,0.204069923,0.165516533,0.474548231,0.0,-0.22804326799999997,0.0,0.0,0.329259922,-0.322486335,0.097738192,0.288986787,0.19267411,0.232813626,0.0,-0.07067965799999998,0.05107831199999999,-0.05904673399999999,0.0,0.0,0.206346772,0.30012014499999995,0.0,-0.240419985,0.0,0.0,0.166837607,-0.40606674,0.04223992100000007,-0.22365633000000001,0.0,0.12878223500000008,-0.13514306299999995,0.0,0.0,0.0,-0.14771201899999997,0.336528508,0.0,-0.252680934,-0.41576427000000005,0.16359694599999997,0.148314956,0.0,0.0,0.197314121,0.0,0.0,0.21329228800000005,-0.002895593000000002,0.208670409,0.0,-0.5357268230000005,0.0,0.0,0.0,0.0,0.0,0.40690947099999997,0.0,0.046845117,0.0,0.0,0.0,0.0,0.0,0.12682209500000008,-0.04400670200000001,0.0,-0.08635144000000006,0.14480196399999995,0.0,0.0,0.0,0.0,0.0,-0.18367322200000002,0.0,-0.04854462999999998,0.0,0.06657491899999998,0.0,0.0,0.0,0.0,0.0,-0.190306651,0.0,0.0,0.0,0.14434904399999998,0.0,0.0034504160000000117,-0.7664442539999999,0.0,0.33172801900000004,0.0,0.0,0.0,0.0,0.0,0.27242817100000005,0.0072779919999999,0.0,0.0,0.0,0.03392433299999997,0.0,0.11783628700000004,-0.9726619139999999,-0.090018987,0.0,0.0,-0.333021286,0.249169679,0.0,0.0,0.059193269999999965,0.0,0.11935444399999999,0.055918417,0.0,0.0,0.210107556,0.24202744799999998,0.1511739230000001,0.10987301100000002,-0.08469608499999998,0.0,0.0,-0.2845449629999999,0.0,0.0,0.0,0.08178988399999998,0.06989823699999997,0.0,0.11543062000000004,0.0,0.09567242299999998,0.0,0.0,0.0,0.0,0.0,0.0,0.0,0.0,0.0,-1.935057929,0.0,0.10505086699999999,0.660199768,-0.010786551999999991,0.0,0.0,0.34799348,0.0,0.178294575,0.135607178,0.26479331,-0.05292267600000001,0.06464346000000004,-0.292869064,0.314175415,0.0,0.0,0.0,0.0,0.0,0.0,0.10761775399999995,0.0,0.605019356,0.184999505,0.0,0.0,-0.684914535
MDAMB361,set19_431,-0.091540495,0.014006897,0.042439669999999985,0.313602337,0.156084949,0.0,0.221861155,-1.436647451,-0.27114821299999997,0.0,0.0,-0.997272673,1.444974852,2.521752843,0.102864065,0.128896034,0.31540160299999975,0.0,-0.24348086000000002,0.0,0.0,0.110172303,-0.27829039499999997,0.04843577700000001,0.26264606999999995,0.249463771,0.344286169,0.0,-0.150118615,-0.07205224300000002,-0.017220634999999984,0.0,0.0,0.08683910700000003,0.34945346199999994,0.0,-0.15025525500000003,0.0,0.0,0.048219135999999996,-0.45954366399999996,0.06205716900000002,-0.113121287,0.0,0.07940201499999999,-0.13814638299999998,0.0,0.0,0.0,-0.199095109,0.25844564800000003,0.0,-0.28467181,-0.239031742,0.16183673499999995,-0.009972426000000034,0.0,0.0,0.21363439900000003,0.0,0.0,0.11685690600000004,0.206835031,0.285954995,0.0,-1.0405466960000003,0.0,0.0,0.0,0.0,0.0,0.362262194,0.0,0.06784267299999999,0.0,0.0,0.0,0.0,0.0,0.0665661390000003,-0.05319560200000001,0.0,-1.10391339,0.12264311199999994,0.0,0.0,0.0,0.0,0.0,-0.20880352300000002,0.0,-0.009454680999999993,0.0,0.10063956900000001,0.0,0.0,0.0,0.0,0.0,-0.209775445,0.0,0.0,0.0,0.062460119999999994,0.0,-0.007108595999999995,-0.737828627,0.0,0.172846472,0.0,0.0,0.0,0.0,0.0,0.285406796,0.13572882699999989,0.0,0.0,0.0,0.06345995599999998,0.0,0.172461125,-0.900735148,-0.024039751,0.0,0.0,-0.10170512500000001,0.202185476,0.0,0.0,-0.06808580399999986,0.0,-0.016445067999999997,0.15134764,0.0,0.0,0.054720795000000017,0.237374706,0.11945329500000001,0.425924109,-0.01460376499999999,0.0,0.0,-0.24844488499999984,0.0,0.0,0.0,0.004813702000000003,-0.04570891499999999,0.0,0.12062763900000001,0.0,0.02593880699999998,0.0,0.0,0.0,0.0,0.0,0.0,0.0,0.0,0.0,-0.19689416199999998,0.0,0.234671356,0.573871398,0.03650122300000001,0.0,0.0,-0.43319547,0.0,0.23409796100000002,0.060342903999999975,0.22057390000000002,-0.066103093,0.18167033400000002,-0.309113204,0.15557569100000002,0.0,0.0,0.0,0.0,0.0,0.0,0.520484227,0.0,-0.047030978,0.319101638,0.0,0.0,-0.424945525
MDAMB361,set19_432,-0.075858645,0.058967298999999994,-0.13282306099999996,0.479524365,-0.06515467999999999,0.0,0.115302585,-1.191954581,-0.23235485499999997,0.0,0.0,-0.089959546,-0.26527203099999996,1.0352961129999998,0.133379836,0.0017058679999999993,0.4824851899999998,0.0,-0.43887133199999995,0.0,0.0,0.140574414,-0.648106772,0.073666708,0.295121409,0.203604968,0.326960579,0.0,-0.369211896,-0.16601722500000002,-0.03084718599999997,0.0,0.0,0.133422955,0.12154281599999994,0.0,-0.293123042,0.0,0.0,0.047597687,-0.258900207,0.08741297300000006,0.55777224,0.0,0.045379656000000046,-0.228801663,0.0,0.0,0.0,-0.24871820399999994,0.183468564,0.0,-0.29480018,-0.669958324,0.02834342599999995,-0.007420026000000024,0.0,0.0,0.16103549799999994,0.0,0.0,0.10807271000000002,0.03149297000000001,0.23514555499999995,0.0,-0.9374002420000003,0.0,0.0,0.0,0.0,0.0,0.449919967,0.0,0.110002844,0.0,0.0,0.0,0.0,0.0,-0.0006120409999996745,-0.24222061100000003,0.0,-1.7890199740000001,-0.024703580000000003,0.0,0.0,0.0,0.0,0.0,-0.260971748,0.0,-0.058206114999999975,0.0,0.077705901,0.0,0.0,0.0,0.0,0.0,-0.44959226700000005,0.0,0.0,0.0,-0.077592523,0.0,-0.153783287,-0.908482098,0.0,0.207679735,0.0,0.0,0.0,0.0,0.0,0.15862211400000004,-0.09659421000000012,0.0,0.0,0.0,0.06420369799999998,0.0,0.21956753900000003,-1.7677887829999999,-0.054151189,0.0,0.0,-0.016128304999999954,0.293363943,0.0,0.0,-0.02291190899999984,0.0,0.048793818,0.084571292,0.0,0.0,-0.016431842999999974,0.214887938,0.136188937,0.08183482600000003,0.05252849200000004,0.0,0.0,-0.2929364379999999,0.0,0.0,0.0,-0.095782226,0.0015666039999999715,0.0,0.022330771000000027,0.0,-0.068867179,0.0,0.0,0.0,0.0,0.0,0.0,0.0,0.0,0.0,-2.05548114,0.0,0.287161528,0.625767074,0.24356313200000002,0.0,0.0,-0.024103202000000018,0.0,0.15260453000000002,0.07761015999999998,0.228889804,-0.19378802,0.13163081800000004,0.050747140999999996,0.152015913,0.0,0.0,0.0,0.0,0.0,0.0,0.6809969069999999,0.0,0.310377032,0.338439866,0.0,0.0,-0.727749177
MDAMB361,set19_406,-0.04540353999999999,-0.071816149,-0.07628978100000006,0.233657917,0.159405075,0.0,0.405917632,-1.250206795,-0.163918771,0.0,0.0,-0.11031597399999998,-0.8883292779999999,-0.695894889,0.077706564,0.219593148,0.293671233,0.0,-0.264256837,0.0,0.0,0.14803424199999998,-0.107048387,0.02090947800000001,0.13766601899999997,0.03432086299999998,-0.039027307,0.0,-0.09978391900000005,-0.01652751800000002,-0.011115845000000013,0.0,0.0,0.00749733800000002,0.9001902469999999,0.0,-0.527027698,0.0,0.0,0.06416557300000003,-0.18281181000000002,-0.029568413999999987,-0.09711359800000001,0.0,0.07723221200000008,-0.154918532,0.0,0.0,0.0,-0.10010875600000002,0.19189220899999998,0.0,-0.588459841,-0.09650166400000004,0.16957409099999998,0.06415014399999996,0.0,0.0,0.22443355200000004,0.0,0.0,0.15243899500000002,-0.131413708,0.003881558000000007,0.0,-0.4076743089999999,0.0,0.0,0.0,0.0,0.0,0.26235391799999996,0.0,0.008460682999999997,0.0,0.0,0.0,0.0,0.0,0.05049157200000032,-0.086567777,0.0,-0.475770546,0.03588277599999995,0.0,0.0,0.0,0.0,0.0,-0.220828936,0.0,-0.028205029999999992,0.0,0.06338347800000002,0.0,0.0,0.0,0.0,0.0,-0.20963932400000002,0.0,0.0,0.0,0.082363625,0.0,-0.18193591399999998,-0.316550499,0.0,0.314535408,0.0,0.0,0.0,0.0,0.0,0.19511619300000005,-0.011668358999999962,0.0,0.0,0.0,0.008400999999999992,0.0,0.009122950000000019,-0.580191908,-0.025936813,0.0,0.0,0.08365425400000001,0.198246163,0.0,0.0,0.10923112200000007,0.0,0.09598171400000001,-0.0056801300000000055,0.0,0.0,0.10035212500000001,0.13755341799999998,0.11935581700000009,0.13081196,0.047309266000000016,0.0,0.0,-0.48477646399999985,0.0,0.0,0.0,0.005634422,-0.154826935,0.0,0.028176595999999998,0.0,0.013370390999999981,0.0,0.0,0.0,0.0,0.0,0.0,0.0,0.0,0.0,-1.359462098,0.0,0.05803355999999999,1.008672795,0.145941037,0.0,0.0,-0.04084358000000002,0.0,0.04359176800000003,0.02062979399999998,-0.07536828499999998,-0.08494944800000001,0.012722184000000025,-0.13383594899999995,0.17888261100000002,0.0,0.0,0.0,0.0,0.0,0.0,-0.01230186600000005,0.0,0.22069275400000002,-0.12080751899999997,0.0,0.0,-0.117204513
